titulo,taquilla_mundial_usd,ano_estreno,director,oscars_obtenidos
Avatar,2787965087,2009,James Cameron,3
Titanic,2264812968,1997,James Cameron,11
The Lord of the Rings: The Return of the King,1147621476,2003,Peter Jackson,11
Oppenheimer,976044609,2023,Christopher Nolan,7
Forrest Gump,678226465,1994,Robert Zemeckis,6
The Lion King,968511805,1994,"Roger Allers, Rob Minkoff",2
Joker,1077781002,2019,Todd Phillips,2
The Dark Knight,1004558444,2008,Christopher Nolan,2
Inception,839030630,2010,Christopher Nolan,4
The Matrix,467222728,1999,"Lana Wachowski, Lilly Wachowski",4
Gladiator,465380286,2000,Ridley Scott,5
Braveheart,213216216,1995,Mel Gibson,5
The Departed,291465034,2006,Martin Scorsese,4
Slumdog Millionaire,378410542,2008,Danny Boyle,8
The King's Speech,484088931,2010,Tom Hooper,4
Argo,232325503,2012,Ben Affleck,3
Saving Private Ryan,482349603,1998,Steven Spielberg,5
Schindler's List,322161245,1993,Steven Spielberg,7
Jurassic Park,1040466878,1993,Steven Spielberg,3
E.T. the Extra-Terrestrial,792910554,1982,Steven Spielberg,4
Jaws,476512065,1975,Steven Spielberg,3
The Godfather,250341816,1972,Francis Ford Coppola,3
The Godfather Part II,47834595,1974,Francis Ford Coppola,6
The Silence of the Lambs,272742922,1991,Jonathan Demme,5
One Flew Over the Cuckoo's Nest,109114817,1975,Milos Forman,5
Rocky,225000000,1976,John G. Avildsen,3
Dances with Wolves,424208848,1990,Kevin Costner,7
Unforgiven,159157447,1992,Clint Eastwood,4
Million Dollar Baby,216763646,2004,Clint Eastwood,4
The Hurt Locker,49230241,2008,Kathryn Bigelow,6
12 Years a Slave,187733202,2013,Steve McQueen,3
Moonlight,65829674,2016,Barry Jenkins,3
Parasite,258774535,2019,Bong Joon Ho,4
Everything Everywhere All at Once,143397368,2022,"Daniel Kwan, Daniel Scheinert",7
Nomadland,39443542,2020,Chloé Zhao,3
CODA,13200000,2021,Sian Heder,3
Green Book,321752656,2018,Peter Farrelly,3
Spotlight,98690214,2015,Tom McCarthy,2
Birdman or (The Unexpected Virtue of Ignorance),103215094,2014,Alejandro G. Iñárritu,4
The Artist,133432856,2011,Michel Hazanavicius,5
The Shape of Water,195243464,2017,Guillermo del Toro,4
La La Land,471192009,2016,Damien Chazelle,6
Gravity,723192705,2013,Alfonso Cuarón,7
Mad Max: Fury Road,380954482,2015,George Miller,6
The Revenant,532938953,2015,Alejandro G. Iñárritu,3
Bohemian Rhapsody,910809311,2018,Bryan Singer,4
A Beautiful Mind,316802793,2001,Ron Howard,4
Chicago,306776732,2002,Rob Marshall,6
The English Patient,231976425,1996,Anthony Minghella,9
American Beauty,356296601,1999,Sam Mendes,5
No Country for Old Men,171627166,2007,"Joel Coen, Ethan Coen",4
There Will Be Blood,76581145,2007,Paul Thomas Anderson,2
The Social Network,224920315,2010,David Fincher,3
The Big Short,133346506,2015,Adam McKay,1
Dallas Buyers Club,55198285,2013,Jean-Marc Vallée,3
Whiplash,49276335,2014,Damien Chazelle,3
Her,48930148,2013,Spike Jonze,1
Lost in Translation,118685501,2003,Sofia Coppola,1
Eternal Sunshine of the Spotless Mind,74075590,2004,Michel Gondry,1
Brokeback Mountain,178062759,2005,Ang Lee,3
Crash,98410061,2004,Paul Haggis,3
The Pianist,120072577,2002,Roman Polanski,3
The Lives of Others,77356942,2006,Florian Henckel von Donnersmarck,1
Amour,25539358,2012,Michael Haneke,1
A Separation,24810451,2011,Asghar Farhadi,1
The Salesman,6735078,2016,Asghar Farhadi,1
Roma,11400000,2018,Alfonso Cuarón,3
Babel,135330182,2006,Alejandro G. Iñárritu,1
The Grand Budapest Hotel,172936941,2014,Wes Anderson,4
The Imitation Game,233555708,2014,Morten Tyldum,1
The Theory of Everything,123726688,2014,James Marsh,1
The Danish Girl,64114030,2015,Tom Hooper,1
The Favourite,95918356,2018,Yorgos Lanthimos,1
Poor Things,117600000,2023,Yorgos Lanthimos,4
Barbie,1445949528,2023,Greta Gerwig,1
Top Gun: Maverick,1495695920,2022,Joseph Kosinski,1
Dune,407573628,2021,Denis Villeneuve,6
Dune: Part Two,714444358,2024,Denis Villeneuve,2
Black Panther,1349926083,2018,Ryan Coogler,3
Spider-Man: Into the Spider-Verse,384256930,2018,"Bob Persichetti, Peter Ramsey, Rodney Rothman",1
Toy Story 3,1067316101,2010,Lee Unkrich,2
Toy Story 4,1073394593,2019,Josh Cooley,1
Frozen,1280959445,2013,"Chris Buck, Jennifer Lee",2
Up,735099082,2009,"Pete Docter, Bob Peterson",2
WALL-E,532508025,2008,Andrew Stanton,1
Ratatouille,623726085,2007,Brad Bird,1
The Incredibles,631607053,2004,Brad Bird,2
Finding Nemo,940335536,2003,"Andrew Stanton, Lee Unkrich",1
Shrek,487853320,2001,"Andrew Adamson, Vicky Jenson",1
Coco,814337054,2017,"Lee Unkrich, Adrian Molina",2
Inside Out,858848019,2015,"Pete Docter, Ronnie del Carmen",1
Soul,121427519,2020,"Pete Docter, Kemp Powers",2
Encanto,256786742,2021,"Jared Bush, Byron Howard, Charise Castro Smith",1
The Jungle Book,966550600,2016,Jon Favreau,1
Life of Pi,609016565,2012,Ang Lee,4
Black Swan,329398046,2010,Darren Aronofsky,1
The Great Gatsby,353641895,2013,Baz Luhrmann,2
Moulin Rouge!,179213434,2001,Baz Luhrmann,2
The Aviator,211713521,2004,Martin Scorsese,5
Hugo,185770160,2011,Martin Scorsese,5
