comunidad;oct-25;nov-25;dic-25;ene-26;feb-26;mar-26;abr-26;may-26;jun-26;jul-26;ago-26;sep-26
Total;96.784;94.124;103.011;73.105;97.083;130.339;106.862;111.895;128.424;101.949;68.544;93.858
ANDALUCIA;10.560;10.035;10.497;7.731;9.201;11.510;9.708;10.114;11.910;11.157;8.364;10.903
ARAGON;1.726;1.668;1.816;1.206;1.537;1.746;1.531;1.721;2.101;1.958;1.328;1.865
ASTURIAS;1.475;1.533;1.454;916;1.047;1.404;1.072;1.439;1.627;1.348;1.999;1.598
CANARIAS;5.581;5.749;4.090;2.713;2.608;5.223;3.290;3.462;5.507;6.047;3.244;3.748
CANTABRIA;931;781;930;655;762;858;744;867;1.008;865;862;970
CASTILLA Y LEON;2.584;2.539;2.761;1.975;2.123;2.698;2.341;2.421;2.752;2.574;2.092;2.515
CASTILLA-LA MANCHA;3.149;2.522;2.596;1.874;2.222;2.708;2.157;2.588;2.656;2.883;2.166;2.758
CATALUÑA;13.080;12.771;12.203;9.435;11.134;13.770;11.831;12.482;14.903;12.701;8.529;12.873
CEUTA;105;93;81;68;74;89;76;90;88;110;63;62
COMUNIDAD DE MADRID;37.325;37.071;44.973;31.340;47.567;61.757;47.924;50.742;59.929;41.327;24.438;35.500
COMUNIDAD VALENCIANA;8.463;7.937;8.870;6.539;8.454;14.416;13.404;13.024;11.397;8.573;5.969;8.223
EXTREMADURA;1.039;1.019;1.415;692;858;1.166;945;935;941;1.115;822;1.149
GALICIA;2.949;2.758;3.095;2.300;2.812;3.060;2.747;2.937;3.220;2.978;2.480;3.163
ISLAS BALEARES;1.928;2.043;2.048;1.278;1.693;3.952;3.845;3.135;3.525;2.197;1.676;1.771
LA RIOJA;332;378;388;329;372;411;411;453;410;393;301;378
MELILLA;94;114;135;97;106;104;90;104;108;121;114;109
NAVARRA;822;763;804;541;666;850;720;836;1.033;736;729;1.048
PAIS VASCO;2.708;2.570;2.728;2.050;2.213;2.735;2.354;2.652;3.149;2.774;1.822;3.018
REGION DE MURCIA;1.933;1.780;2.127;1.366;1.634;1.882;1.672;1.893;2.160;2.092;1.546;2.207
