Codcir,Codmun,Municipio,,Censo,Certif. Alta,Censo Total,Votos Totales,Votos Blancos,Votos Nulos,Abstención,Votos Válidos,Votos Candidaturas,PP,PUM+J,PSOE,ULEG,PH,PCTE,MM-VQ,CS,PACMA,FE DE LAS JONS,VOX,PODEMOS-IU-AV,PFE
28,1,La Acebeda,,64,0,64,54,0,1,10,53,53,31,0,9,0,0,0,6,0,0,0,1,6,0
28,2,Ajalvir,,3.359,0,3.359,2.287,33,28,1.072,2.259,2.226,1.187,1,280,1,0,2,395,27,17,8,260,46,2
28,3,Alameda del Valle,,194,0,194,168,1,3,26,165,164,74,0,31,0,0,0,27,3,2,1,18,7,1
28,4,El Álamo,,7.072,6,7.078,4.732,36,58,2.346,4.674,4.638,2.345,7,1.034,2,1,6,531,23,25,2,492,164,6
28,5,Alcalá de Henares,,138.572,1,138.573,94.847,1.032,981,43.726,93.866,92.834,41.335,150,21.908,26,88,115,14.951,1.553,761,86,7.659,4.082,120
28,6,Alcobendas,,81.383,4,81.387,57.146,571,525,24.241,56.621,56.050,29.381,88,11.159,18,51,51,7.931,922,373,29,4.145,1.830,72
28,7,Alcorcón,,127.900,2,127.902,91.041,992,976,36.861,90.065,89.073,39.112,148,20.156,31,33,118,16.974,1.231,686,61,6.014,4.387,122
28,8,Aldea del Fresno,,2.315,0,2.315,1.531,9,19,784,1.512,1.503,729,1,322,1,1,1,178,19,16,2,168,59,6
28,9,Algete,,14.765,0,14.765,10.406,97,93,4.359,10.313,10.216,5.529,20,1.777,7,9,11,1.380,143,102,7,926,294,11
28,10,Alpedrete,,11.304,1,11.305,8.111,96,79,3.194,8.032,7.936,4.160,18,1.029,7,7,9,1.429,127,61,8,697,366,18
28,11,Ambite,,465,0,465,372,8,3,93,369,361,192,0,56,0,0,0,49,2,0,2,42,17,1
28,12,Anchuelo,,947,0,947,638,3,7,309,631,628,327,0,128,0,0,0,78,3,1,4,75,12,0
28,13,Aranjuez,,42.106,3,42.109,27.739,317,369,14.370,27.370,27.053,12.337,35,6.095,8,17,28,4.274,274,231,28,2.551,1.147,28
28,14,Arganda del Rey,,36.518,1,36.519,25.445,259,295,11.074,25.150,24.891,12.161,38,5.369,6,12,107,3.628,292,190,20,2.143,902,23
28,15,Arroyomolinos,,24.105,8,24.113,17.230,248,185,6.883,17.045,16.797,8.781,34,2.285,9,10,25,2.808,269,165,4,1.867,520,20
28,16,El Atazar,,89,0,89,68,3,3,21,65,62,14,0,23,0,0,0,9,0,1,0,7,8,0
28,17,Batres,,1.427,0,1.427,1.011,8,14,416,997,989,498,1,129,0,1,1,153,10,21,1,106,68,0
28,18,Becerril de la Sierra,,4.578,0,4.578,3.388,26,26,1.190,3.362,3.336,1.739,6,564,2,0,5,487,33,25,2,311,157,5
28,19,Belmonte de Tajo,,1.396,0,1.396,1.050,13,25,346,1.025,1.012,414,8,263,1,0,3,184,7,8,4,89,30,1
28,20,Berzosa del Lozoya,,178,0,178,120,2,3,58,117,115,41,0,19,0,1,0,30,1,2,1,8,12,0
28,21,El Berrueco,,618,0,618,443,4,5,175,438,434,197,1,67,0,1,1,99,7,4,1,25,30,1
28,22,Boadilla del Monte,,44.393,0,44.393,34.242,444,199,10.151,34.043,33.599,22.773,33,3.061,7,18,16,3.466,622,163,40,2.784,579,37
28,23,El Boalo,,5.905,0,5.905,4.478,48,49,1.427,4.429,4.381,2.078,15,655,1,6,4,863,46,38,3,356,311,5
28,24,Braojos,,178,0,178,148,1,0,30,148,147,78,0,20,1,0,1,18,1,0,2,22,4,0
28,25,Brea de Tajo,,428,0,428,327,2,2,101,325,323,212,1,36,0,0,0,28,2,2,0,33,9,0
28,26,Brunete,,7.146,0,7.146,5.106,48,49,2.040,5.057,5.009,2.825,6,606,0,5,3,757,73,28,5,482,210,9
28,27,Buitrago del Lozoya,,1.235,0,1.235,885,7,12,350,873,866,417,1,224,0,1,1,122,10,7,0,49,32,2
28,28,Bustarviejo,,2.053,0,2.053,1.500,17,13,553,1.487,1.470,541,3,295,0,0,2,340,6,12,2,77,188,4
28,29,Cabanillas de la Sierra,,689,0,689,568,4,6,121,562,558,265,1,80,0,3,1,117,5,4,0,43,38,1
28,30,La Cabrera,,1.989,0,1.989,1.444,17,23,545,1.421,1.404,601,6,271,0,0,0,305,14,17,1,101,85,3
28,31,Cadalso de los Vidrios,,2.292,0,2.292,1.766,19,26,526,1.740,1.721,861,0,532,1,1,3,121,5,4,2,135,55,1
28,32,Camarma de Esteruelas,,5.416,0,5.416,3.746,39,65,1.670,3.681,3.642,1.752,4,695,2,0,9,563,41,31,2,424,117,2
28,33,Campo Real,,4.495,0,4.495,3.180,38,35,1.315,3.145,3.107,1.728,2,399,0,0,5,386,34,32,4,435,75,7
28,34,Canencia,,394,0,394,308,5,2,86,306,301,156,1,67,0,0,2,39,1,2,1,25,5,2
28,35,Carabaña,,1.543,0,1.543,1.061,6,10,482,1.051,1.045,493,1,266,0,0,4,132,4,14,0,86,40,5
28,36,Casarrubuelos,,2.974,0,2.974,2.043,33,23,931,2.020,1.987,895,1,273,2,3,2,440,16,28,3,214,107,3
28,37,Cenicientos,,1.622,0,1.622,1.329,11,24,293,1.305,1.294,610,0,439,0,1,4,129,3,2,0,61,44,1
28,38,Cercedilla,,5.571,0,5.571,4.097,67,87,1.474,4.010,3.943,1.748,15,683,1,2,7,930,42,36,5,260,209,5
28,39,Cervera de Buitrago,,144,0,144,109,3,0,35,109,106,42,0,37,0,0,0,15,2,0,1,5,4,0
28,40,Ciempozuelos,,17.570,0,17.570,10.573,112,156,6.997,10.417,10.305,4.301,9,2.444,6,12,12,1.716,83,120,16,1.011,563,12
28,41,Cobeña,,5.101,1,5.102,3.791,59,41,1.311,3.750,3.691,2.082,8,476,2,4,2,554,63,32,6,339,120,3
28,42,Colmenar del Arroyo,,1.424,0,1.424,1.056,13,20,368,1.036,1.023,562,1,126,0,1,1,160,9,17,2,90,52,2
28,43,Colmenar de Oreja,,6.508,0,6.508,4.115,33,80,2.393,4.035,4.002,1.938,6,841,0,1,7,466,43,23,5,534,130,8
28,44,Colmenarejo,,6.849,0,6.849,4.805,61,73,2.044,4.732,4.671,2.249,15,697,0,2,9,997,59,36,4,395,192,16
28,45,Colmenar Viejo,,38.136,0,38.136,26.535,305,314,11.601,26.221,25.916,12.200,65,4.959,8,15,40,4.379,464,221,20,2.344,1.162,39
28,46,Collado Mediano,,5.242,0,5.242,3.869,51,24,1.373,3.845,3.794,1.865,40,574,1,4,3,712,48,38,4,278,220,7
28,47,Collado Villalba,,44.565,0,44.565,29.364,316,320,15.201,29.044,28.728,13.166,95,5.712,15,26,36,5.218,449,276,28,2.346,1.292,69
28,48,Corpa,,570,0,570,471,4,9,99,462,458,193,0,99,0,0,1,102,1,5,1,26,30,0
28,49,Coslada,,56.398,0,56.398,40.472,422,435,15.926,40.037,39.615,15.895,77,8.970,13,39,75,8.566,627,334,20,2.676,2.274,49
28,50,Cubas de la Sagra,,4.777,0,4.777,3.426,39,45,1.351,3.381,3.342,1.859,3,479,2,1,2,464,19,23,4,388,96,2
28,51,Chapinería,,1.802,0,1.802,1.360,18,13,442,1.347,1.329,631,5,213,0,2,3,254,19,5,2,117,76,2
28,52,Chinchón,,4.142,0,4.142,2.790,35,62,1.352,2.728,2.693,1.314,7,469,2,2,1,345,14,18,4,443,70,4
28,53,Daganzo de Arriba,,7.486,0,7.486,5.649,65,61,1.837,5.588,5.523,2.800,6,921,1,2,3,940,90,46,7,475,231,1
28,54,El Escorial,,12.602,0,12.602,8.957,96,124,3.645,8.833,8.737,4.367,14,1.472,5,9,16,1.415,93,67,10,820,432,17
28,55,Estremera,,1.024,0,1.024,705,8,16,319,689,681,324,0,226,0,0,0,50,0,4,4,64,4,5
28,56,Fresnedillas de la Oliva,,1.072,0,1.072,812,5,10,260,802,797,329,0,111,2,2,0,230,5,12,1,42,62,1
28,57,Fresno de Torote,,1.778,0,1.778,1.181,10,16,597,1.165,1.155,536,3,194,0,1,2,186,24,20,0,147,41,1
28,58,Fuenlabrada,,140.524,4,140.528,96.305,1.091,1.196,44.223,95.109,94.018,34.580,151,27.373,80,71,143,17.539,1.060,974,75,7.848,3.941,183
28,59,Fuente el Saz de Jarama,,4.797,0,4.797,3.299,28,56,1.498,3.243,3.215,1.700,3,590,2,0,1,402,45,30,2,349,86,5
28,60,Fuentidueña de Tajo,,1.686,0,1.686,1.313,7,17,373,1.296,1.289,447,2,526,0,1,0,143,3,11,0,69,87,0
28,61,Galapagar,,24.009,1,24.010,16.768,165,155,7.242,16.613,16.448,8.358,29,2.494,5,9,6,2.826,224,125,16,1.499,831,26
28,62,Garganta de los Montes,,346,0,346,287,3,4,59,283,280,101,1,36,0,0,1,50,3,3,1,55,29,0
28,63,Gargantilla del Lozoya y Pinilla de Buitrago,,305,0,305,224,3,3,81,221,218,111,1,31,0,0,0,47,1,0,2,14,11,0
28,64,Gascones,,156,0,156,138,0,5,18,133,133,75,0,29,0,0,0,12,5,0,0,6,6,0
28,65,Getafe,,132.871,1,132.872,94.034,937,1.036,38.838,92.998,92.061,35.152,170,22.628,38,57,140,19.648,1.396,731,67,5.908,5.946,180
28,66,Griñón,,7.625,0,7.625,5.475,51,65,2.150,5.410,5.359,3.430,12,590,2,2,8,555,54,54,4,527,117,4
28,67,Guadalix de la Sierra,,4.912,0,4.912,3.630,43,68,1.282,3.562,3.519,1.572,8,938,1,1,4,439,77,22,3,313,141,0
28,68,Guadarrama,,12.430,0,12.430,8.600,102,117,3.830,8.483,8.381,4.421,22,1.401,0,8,10,1.221,101,71,19,774,314,19
28,69,La Hiruela,,69,0,69,66,1,4,3,62,61,24,1,7,0,0,1,13,1,1,0,5,8,0
28,70,Horcajo de la Sierra-Aoslos,,162,0,162,136,0,0,26,136,136,57,1,27,0,0,0,21,1,2,1,17,8,1
28,71,Horcajuelo de la Sierra,,79,0,79,72,0,0,7,72,72,36,0,10,1,0,0,15,0,0,0,8,2,0
28,72,Hoyo de Manzanares,,6.630,1,6.631,4.797,51,62,1.834,4.735,4.684,2.446,6,682,0,5,1,815,67,27,8,406,211,10
28,73,Humanes de Madrid,,13.222,0,13.222,8.976,105,120,4.246,8.856,8.751,4.118,21,1.841,5,10,13,1.351,79,110,10,814,361,18
28,74,Leganés,,140.023,2,140.025,97.489,1.055,1.151,42.536,96.338,95.283,36.021,127,24.372,1.412,66,143,19.433,1.187,690,71,6.219,5.411,131
28,75,Loeches,,6.358,0,6.358,4.587,49,62,1.771,4.525,4.476,2.147,14,946,4,3,8,666,50,41,5,385,204,3
28,76,Lozoya,,471,0,471,384,5,5,87,379,374,188,1,76,0,1,0,57,5,2,2,22,20,0
28,78,Madarcos,,58,0,58,55,0,0,3,55,55,26,0,6,0,0,0,4,0,0,0,1,18,0
28,79,Madrid,,2.362.515,88,2.362.603,1.640.224,15.596,12.680,722.379,1.627.544,1.611.948,777.433,3.842,268.090,499,1.115,1.842,327.140,26.976,9.085,1.199,108.099,83.966,2.662
28,80,Majadahonda,,51.425,0,51.425,38.555,430,218,12.870,38.337,37.907,24.513,103,4.430,8,19,21,3.791,783,184,44,3.129,842,40
28,82,Manzanares el Real,,6.686,0,6.686,4.818,59,40,1.868,4.778,4.719,2.009,8,916,1,2,4,1.007,75,30,3,305,345,14
28,83,Meco,,10.636,0,10.636,7.237,93,88,3.399,7.149,7.056,3.474,20,1.209,2,7,14,1.087,146,71,11,679,324,12
28,84,Mejorada del Campo,,16.651,0,16.651,11.173,105,156,5.478,11.017,10.912,4.279,18,2.810,6,8,14,1.872,192,119,5,1.017,552,20
28,85,Miraflores de la Sierra,,4.753,0,4.753,3.446,31,37,1.307,3.409,3.378,1.616,5,889,0,2,4,353,36,24,10,269,169,1
28,86,El Molar,,5.858,1,5.859,3.825,54,48,2.034,3.777,3.723,1.885,8,676,0,7,3,487,109,34,3,417,88,6
28,87,Los Molinos,,3.587,0,3.587,2.635,26,32,952,2.603,2.577,1.484,12,406,0,2,0,341,25,10,4,185,106,2
28,88,Montejo de la Sierra,,314,0,314,241,3,4,73,237,234,87,1,59,0,0,4,62,2,2,0,6,11,0
28,89,Moraleja de Enmedio,,4.142,0,4.142,3.003,30,50,1.139,2.953,2.923,1.505,3,602,0,1,5,356,34,21,2,308,84,2
28,90,Moralzarzal,,10.109,0,10.109,7.679,109,67,2.430,7.612,7.503,3.770,26,1.122,2,4,11,1.514,147,73,3,503,316,12
28,91,Morata de Tajuña,,5.687,0,5.687,3.930,34,72,1.757,3.858,3.824,1.924,3,910,1,0,1,508,24,22,2,247,180,2
28,92,Móstoles,,153.693,1,153.694,103.499,1.011,1.458,50.195,102.041,101.030,43.619,193,22.570,35,102,122,19.128,1.404,861,92,7.903,4.836,165
28,93,Navacerrada,,2.323,0,2.323,1.821,19,31,502,1.790,1.771,1.022,13,286,1,0,4,199,18,9,1,139,76,3
28,94,Navalafuente,,1.092,0,1.092,767,12,19,325,748,736,324,2,123,1,0,0,131,11,9,1,66,68,0
28,95,Navalagamella,,1.852,0,1.852,1.320,11,19,532,1.301,1.290,684,2,205,0,1,1,159,14,12,1,142,66,3
28,96,Navalcarnero,,21.784,0,21.784,15.077,149,231,6.707,14.846,14.697,7.343,38,3.134,6,10,22,2.151,224,102,9,1.304,341,13
28,97,Navarredonda y San Mamés,,140,0,140,117,0,1,23,116,116,39,1,37,0,0,0,20,6,1,0,8,4,0
28,99,Navas del Rey,,2.157,0,2.157,1.665,19,22,492,1.643,1.624,910,2,232,0,0,1,182,15,24,6,213,36,3
28,100,Nuevo Baztán,,4.896,0,4.896,3.250,34,41,1.646,3.209,3.175,1.458,9,511,0,4,5,521,45,41,2,364,210,5
28,101,Olmeda de las Fuentes,,265,0,265,210,3,7,55,203,200,100,3,41,0,0,1,39,3,2,0,8,3,0
28,102,Orusco de Tajuña,,1.003,0,1.003,691,12,19,312,672,660,278,0,215,0,0,0,91,15,1,1,39,19,1
28,104,Paracuellos de Jarama,,16.753,1,16.754,12.319,145,119,4.435,12.200,12.055,6.922,18,1.407,5,7,14,1.941,234,96,6,997,397,11
28,106,Parla,,79.928,0,79.928,49.473,548,696,30.455,48.777,48.229,17.780,87,12.980,29,47,80,8.506,620,646,50,4.637,2.699,68
28,107,Patones,,455,0,455,327,2,10,128,317,315,98,2,130,0,0,0,43,2,1,0,28,10,1
28,108,Pedrezuela,,4.049,0,4.049,2.841,26,33,1.208,2.808,2.782,1.320,19,480,0,2,2,512,31,36,1,249,128,2
28,109,Pelayos de la Presa,,1.854,0,1.854,1.249,20,12,605,1.237,1.217,676,1,179,3,3,3,131,3,14,4,129,69,2
28,110,Perales de Tajuña,,2.138,0,2.138,1.614,16,25,524,1.589,1.573,727,2,490,1,0,1,142,10,6,0,128,66,0
28,111,Pezuela de las Torres,,728,0,728,561,8,9,167,552,544,277,0,115,0,0,0,43,3,1,1,58,46,0
28,112,Pinilla del Valle,,168,0,168,143,2,1,25,142,140,55,0,40,0,0,2,17,6,0,1,7,12,0
28,113,Pinto,,38.765,0,38.765,27.258,272,348,11.507,26.910,26.638,10.954,49,5.730,9,20,52,5.822,378,263,14,2.000,1.310,37
28,114,Piñuécar-Gandullas,,145,0,145,116,1,0,29,116,115,60,0,19,1,0,0,25,0,4,0,2,4,0
28,115,Pozuelo de Alarcón,,64.587,2,64.589,49.467,429,210,15.122,49.257,48.828,32.967,90,4.920,10,32,12,4.371,995,190,38,4.263,880,60
28,116,Pozuelo del Rey,,831,0,831,580,6,9,251,571,565,286,1,103,0,1,1,84,1,10,0,63,15,0
28,117,Prádena del Rincón,,119,0,119,98,1,1,21,97,96,45,0,18,0,0,0,23,1,1,0,4,4,0
28,118,Puebla de la Sierra,,87,0,87,75,1,2,12,73,72,33,0,9,0,0,0,14,1,0,0,5,10,0
28,119,Quijorna,,2.627,0,2.627,1.901,26,22,726,1.879,1.853,1.079,1,238,0,3,5,282,20,20,4,145,53,3
28,120,Rascafría,,1.268,0,1.268,954,5,12,314,942,937,443,2,219,0,0,0,104,16,3,0,123,25,2
28,121,Redueña,,237,0,237,180,4,2,57,178,174,85,0,36,0,0,0,24,1,0,1,20,7,0
28,122,Ribatejada,,642,0,642,447,5,10,195,437,432,208,0,85,0,0,2,47,2,11,0,62,14,1
28,123,Rivas-Vaciamadrid,,70.125,6,70.131,53.332,580,470,16.799,52.862,52.282,19.252,103,9.453,16,35,91,14.191,944,437,24,3.321,4.314,101
28,124,Robledillo de la Jara,,86,0,86,60,3,2,26,58,55,25,0,9,0,0,0,8,3,0,0,3,7,0
28,125,Robledo de Chavela,,3.540,0,3.540,2.553,25,34,987,2.519,2.494,1.328,5,405,1,2,3,334,27,22,5,207,150,5
28,126,Robregordo,,59,0,59,44,0,0,15,44,44,19,0,16,0,0,0,1,0,0,0,4,4,0
28,127,Las Rozas de Madrid,,70.125,6,70.131,52.861,643,303,17.270,52.558,51.915,33.087,98,5.675,18,24,21,5.823,1.153,288,55,4.389,1.211,73
28,128,Rozas de Puerto Real,,492,0,492,369,10,4,123,365,355,199,0,64,0,0,0,45,1,0,0,35,11,0
28,129,San Agustín del Guadalix,,9.080,0,9.080,6.463,93,78,2.617,6.385,6.292,3.416,21,1.047,1,2,7,900,159,59,3,501,164,12
28,130,San Fernando de Henares,,28.500,3,28.503,20.278,269,302,8.225,19.976,19.707,6.853,25,5.190,6,18,60,4.294,396,209,26,1.432,1.175,23
28,131,San Lorenzo de El Escorial,,13.765,2,13.767,9.248,127,117,4.519,9.131,9.004,4.575,14,1.410,6,5,12,1.525,128,64,27,744,468,26
28,132,San Martín de la Vega,,12.792,14,12.806,8.555,91,96,4.251,8.459,8.368,3.466,17,2.280,4,5,6,1.197,71,110,6,836,358,12
28,133,San Martín de Valdeiglesias,,6.365,0,6.365,4.346,47,112,2.019,4.234,4.187,2.087,5,1.176,0,3,1,443,20,18,2,310,119,3
28,134,San Sebastián de los Reyes,,65.200,2,65.202,46.613,519,460,18.589,46.153,45.634,22.171,82,8.431,10,42,62,8.086,703,364,36,3.400,2.160,87
28,135,Santa María de la Alameda,,1.133,0,1.133,840,6,12,293,828,822,385,1,133,0,1,4,146,24,9,0,73,46,0
28,136,Santorcaz,,731,0,731,607,8,9,124,598,590,303,1,156,0,0,0,47,2,3,0,65,12,1
28,137,Los Santos de la Humosa,,1.862,0,1.862,1.367,10,24,495,1.343,1.333,662,1,344,0,0,0,162,12,7,6,103,34,2
28,138,La Serna del Monte,,75,0,75,64,2,1,11,63,61,40,0,8,0,0,0,5,0,0,0,5,3,0
28,140,Serranillos del Valle,,3.446,0,3.446,2.499,21,29,947,2.470,2.449,1.242,2,337,2,2,3,433,23,29,5,302,65,4
28,141,Sevilla la Nueva,,6.694,0,6.694,4.587,55,45,2.107,4.542,4.487,2.499,6,598,3,7,5,750,46,51,7,369,133,13
28,143,Somosierra,,78,0,78,68,0,0,10,68,68,37,0,15,0,0,1,7,1,0,0,1,6,0
28,144,Soto del Real,,6.949,0,6.949,5.231,30,35,1.718,5.196,5.166,2.464,3,1.716,1,1,2,340,54,29,4,386,164,2
28,145,Talamanca de Jarama,,2.952,0,2.952,2.065,29,28,887,2.037,2.008,888,3,468,0,0,1,359,6,11,2,175,94,1
28,146,Tielmes,,1.807,0,1.807,1.249,9,15,558,1.234,1.225,659,1,324,0,0,0,90,3,7,0,98,43,0
28,147,Titulcia,,1.012,0,1.012,813,3,23,199,790,787,385,0,233,0,0,2,82,0,8,1,58,17,1
28,148,Torrejón de Ardoz,,92.581,10,92.591,63.031,843,728,29.560,62.303,61.460,31.561,128,11.362,17,45,76,10.366,761,606,48,3.859,2.548,83
28,149,Torrejón de la Calzada,,6.972,0,6.972,4.909,69,69,2.063,4.840,4.771,2.392,12,739,4,7,10,821,81,65,2,475,158,5
28,150,Torrejón de Velasco,,3.559,0,3.559,2.622,18,48,937,2.574,2.556,1.361,3,350,1,4,4,327,29,15,3,349,108,2
28,151,Torrelaguna,,3.380,0,3.380,2.381,19,43,999,2.338,2.319,1.085,4,557,1,3,5,293,62,15,3,178,106,7
28,152,Torrelodones,,18.205,0,18.205,13.727,174,92,4.478,13.635,13.461,8.206,32,1.313,5,13,11,1.851,280,93,16,1.240,383,18
28,153,Torremocha de Jarama,,879,0,879,628,4,2,251,626,622,206,6,110,2,1,0,151,7,8,2,44,80,5
28,154,Torres de la Alameda,,5.644,0,5.644,4.043,39,74,1.601,3.969,3.930,1.964,2,974,1,3,9,452,18,30,3,343,123,8
28,155,Valdaracete,,519,0,519,451,3,7,68,444,441,188,0,189,0,0,0,13,3,0,0,33,15,0
28,156,Valdeavero,,1.192,0,1.192,810,9,18,382,792,783,357,1,215,0,0,3,73,6,7,2,93,24,2
28,157,Valdelaguna,,750,0,750,572,7,11,178,561,554,334,1,87,0,0,0,49,3,4,0,59,17,0
28,158,Valdemanco,,777,0,777,639,5,10,138,629,624,341,0,98,2,1,1,80,11,7,2,61,19,1
28,159,Valdemaqueda,,632,0,632,526,6,7,106,519,513,269,0,102,0,0,0,56,2,4,1,57,22,0
28,160,Valdemorillo,,9.608,0,9.608,6.587,76,100,3.021,6.487,6.411,3.398,9,927,4,7,2,981,107,65,8,621,245,37
28,161,Valdemoro,,56.325,2,56.327,38.278,431,591,18.049,37.687,37.256,18.598,70,6.156,25,30,50,6.391,442,368,37,3.784,1.257,48
28,162,Valdeolmos-Alalpardo,,3.025,0,3.025,2.225,23,19,800,2.206,2.183,1.314,3,252,1,0,6,335,24,12,1,184,47,4
28,163,Valdepiélagos,,472,0,472,363,4,8,109,355,351,144,0,74,0,0,1,72,2,6,1,26,24,1
28,164,Valdetorres de Jarama,,3.554,0,3.554,2.550,30,33,1.004,2.517,2.487,1.340,4,400,1,3,3,346,27,17,4,270,68,4
28,165,Valdilecha,,1.999,0,1.999,1.429,13,30,570,1.399,1.386,889,2,221,1,0,0,88,7,5,0,155,18,0
28,166,Valverde de Alcalá,,391,0,391,298,3,2,93,296,293,154,0,76,0,0,0,30,1,1,0,21,10,0
28,167,Velilla de San Antonio,,9.611,1,9.612,6.869,81,96,2.743,6.773,6.692,2.722,16,1.378,2,5,6,1.496,91,105,15,559,290,7
28,168,El Vellón,,1.445,0,1.445,993,8,10,452,983,975,488,4,225,0,0,3,119,9,4,0,86,36,1
28,169,Venturada,,1.891,0,1.891,1.476,31,9,415,1.467,1.436,769,3,141,0,0,1,228,24,15,1,195,58,1
28,170,Villaconejos,,2.603,0,2.603,1.798,27,37,805,1.761,1.734,869,1,353,0,0,0,146,6,8,0,234,116,1
28,171,Villa del Prado,,4.767,0,4.767,3.374,30,62,1.393,3.312,3.282,1.796,7,749,0,5,4,326,14,25,4,283,68,1
28,172,Villalbilla,,11.974,0,11.974,8.808,111,107,3.166,8.701,8.590,4.671,25,1.054,0,9,14,1.341,145,128,14,870,302,17
28,173,Villamanrique de Tajo,,594,0,594,470,7,8,124,462,455,225,1,118,1,1,0,57,1,2,0,38,11,0
28,174,Villamanta,,1.973,0,1.973,1.391,8,20,582,1.371,1.363,724,1,294,0,0,3,137,9,7,3,152,31,2
28,175,Villamantilla,,1.051,0,1.051,814,16,17,237,797,781,415,3,104,0,1,1,111,30,7,0,80,29,0
28,176,Villanueva de la Cañada,,15.167,0,15.167,10.977,112,79,4.190,10.898,10.786,7.101,17,1.053,3,5,13,1.025,178,68,10,1.091,207,15
28,177,Villanueva del Pardillo,,11.749,0,11.749,8.867,134,62,2.882,8.805,8.671,5.293,19,1.079,3,8,5,1.096,157,75,12,707,208,9
28,178,Villanueva de Perales,,1.254,0,1.254,962,13,21,292,941,928,474,3,140,0,0,1,143,4,9,2,119,31,2
28,179,Villar del Olmo,,1.577,0,1.577,1.024,12,22,553,1.002,990,539,1,133,0,0,0,136,18,4,2,117,39,1
28,180,Villarejo de Salvanés,,5.558,0,5.558,4.114,37,80,1.444,4.034,3.997,1.832,6,1.212,4,2,5,443,30,23,5,333,100,2
28,181,Villaviciosa de Odón,,21.197,0,21.197,15.883,165,121,5.314,15.762,15.597,9.904,16,1.741,5,7,12,1.797,257,107,16,1.266,452,17
28,182,Villavieja del Lozoya,,247,0,247,194,3,3,53,191,188,73,0,44,0,0,0,40,0,3,0,19,9,0
28,183,Zarzalejo,,1.260,0,1.260,901,12,18,359,883,871,350,1,148,0,1,2,213,4,5,1,53,92,1
28,901,Lozoyuela-Navas-Sieteiglesias,,994,0,994,702,3,11,292,691,688,323,1,134,1,1,2,103,5,6,4,43,62,3
28,902,Puentes Viejas,,565,0,565,442,4,5,123,437,433,202,1,50,0,0,1,92,4,3,0,42,34,4
28,903,Tres Cantos,,37.959,4,37.963,29.203,486,225,8.760,28.978,28.492,14.204,70,4.623,5,14,27,5.501,792,164,16,1.730,1.308,38
28,990,Residentes ausentes-Madrid,,372.447,0,372.447,28.860,179,2.109,343.587,26.751,26.572,12.018,204,4.234,26,53,94,4.385,528,289,47,2.453,2.073,168
Total,,,,5.211.765,179,5.211.944,3.413.819,35.107,34.342,1.798.125,3.379.477,3.344.370,1.599.186,7.219,614.296,2.544,2.404,4.148,620.631,52.925,23.451,2.779,248.379,161.032,5.376
