"Marca temporal","Edad","Altura","Peso","Género"
"2026/10/01 8:13:11 p. m. EEST","32","175","85","Hombre"
"2026/10/01 8:13:55 p. m. EEST","55","170","92","Hombre"
"2026/10/01 8:13:58 p. m. EEST","47","170","107","Mujer"
"2026/10/01 8:14:00 p. m. EEST","60","170","78","Hombre"
"2026/10/01 8:14:03 p. m. EEST","78","174","90","Mujer"
"2026/10/01 8:14:06 p. m. EEST","54","185","80","Hombre"
"2026/10/01 8:14:12 p. m. EEST","48","175","80","Mujer"
"2026/10/01 8:15:13 p. m. EEST","33","170","78","Hombre"
"2026/10/01 8:15:14 p. m. EEST","63","198","140","Mujer"
"2026/10/01 8:15:25 p. m. EEST","49","160","65","Hombre"
"2026/10/01 8:15:48 p. m. EEST","58","165","71","Hombre"
"2026/10/01 8:17:43 p. m. EEST","39","156","47","Mujer"