"Marca temporal","Nombre y apellidos","Año de nacimiento","Altura","Peso","Localidad","Número de hijos"
"2026/09/07 8:32:44 p. m. EEST","Batman","1971","170","85","Alcorcón","0"
"2026/09/07 8:32:49 p. m. EEST","Pepe Roberto","1989","1,98","120","Colmenar Viejo","0"
"2026/09/07 8:33:12 p. m. EEST","Belén Bonilla ","1977","160","60","Arganda del Rey","1000"
"2026/09/07 8:33:20 p. m. EEST","Luis Martínez Solar","10/10/2000","","40","Madrid","2"
"2026/09/07 8:33:32 p. m. EEST","Perry Mason","1972","170","65","Madrid","2"
"2026/09/07 8:33:33 p. m. EEST","Pedro Sanchez","1945","190","90","Arganda del Rey","3"
"2026/09/07 8:33:45 p. m. EEST","Cipriano guapo","1999","1,35","100","Madrid","1"
"2026/09/07 8:33:47 p. m. EEST","Juan","1962","165","50 kg","Madrid","0"
"2026/09/07 8:34:10 p. m. EEST","Antonio Perez Martinez","07/04/2030","1.70","78","Madrid","0.0"
"2026/09/07 8:34:25 p. m. EEST","Pedro Sánchez","1970","1.82","84","Colmenar Viejo","1"
"2026/09/07 8:34:28 p. m. EEST","Manolito Manos Tijeras","1995","1,75","80","","3"
"2026/09/07 8:34:45 p. m. EEST","Toni el Conde","No te interesa","198","Eso no se pregunta","Madrid","Ni lo se"
"2026/09/07 8:34:47 p. m. EEST","Sal Valentine","20/04/1999","3 metros","290 kg","Madrid","0"
"2026/09/07 8:34:48 p. m. EEST","Luz Casal","1979","2,30","52","Torrejón de Ardoz","0"
"2026/09/07 8:34:53 p. m. EEST","Vanessa","","156","-30","Torrejón de Ardoz","0"
"2026/09/07 8:35:29 p. m. EEST","Nikolai Marino","1989","2.15","256","Torrejón de Ardoz","12"